user id,first name,last name,email,password,type
qateacher,QA,Teacher,qateacher@mailinator.com,sakai,registered
student1,Student ,One,student1@mailinator.com,sakai,registered
student2,Student ,Two,student2@mailinator.com,sakai,registered
student3,Student ,Three,student3@mailinator.com,sakai,registered
student4,Student ,Four,student4@mailinator.com,sakai,registered
student5,Student ,Five,student5@mailinator.com,sakai,registered
student6,Student ,Six,student6@mailinator.com,sakai,registered
student7,Student ,Seven,student7@mailinator.com,sakai,registered
student8,Student ,Eight,student8@mailinator,sakai,registered
student9,Student ,Nine,student9@mailinator,sakai,registered
student10,Student ,Ten,student10@mailinator,sakai,registered
student11,Student ,eleven,student11@mailinator,sakai,registered
student12,Student ,twelve,student12@mailinator,sakai,registered
student13,Student ,thirteen,student13@mailinator,sakai,registered
student14,Student ,fourteen,student14@mailinator,sakai,registered
student15,Student ,fifteen,student15@mailinator,sakai,registered
student16,Student ,sixteen,student16@mailinator,sakai,registered
student17,Student ,seventeen,student17@mailinator,sakai,registered
student18,Student ,eighteen,student18@mailinator,sakai,registered
student19,Student ,nineteen,student19@mailinator,sakai,registered
student20,Student ,twenty,student20@mailinator,sakai,registered
student21,Student ,twenty-one,student21@mailinator,sakai,registered
student22,Student ,twenty-two,student22@mailinator,sakai,registered
student23,Student ,twenty-three,student23@mailinator,sakai,registered
student24,Student ,twenty-four,student24@mailinator,sakai,registered
student25,Student ,twenty-five,student25@mailinator,sakai,registered
student26,Student ,twenty-six,student26@mailinator,sakai,registered
student27,Student ,twenty-seven,student27@mailinator,sakai,registered
student28,Student ,twenty-eight,student28@mailinator,sakai,registered
student29,Student ,twenty-nine,student29@mailinator,sakai,registered
student30,Student ,thirty,student30@mailinator,sakai,registered
student31,Student ,thirty-one,student31@mailinator,sakai,registered
student32,Student ,thirty-two,student32@mailinator,sakai,registered
student33,Student ,thirty-three,student33@mailinator,sakai,registered
student34,Student ,thirty-four,student34@mailinator,sakai,registered
student35,Student ,thirty-five,student35@mailinator,sakai,registered
student36,Student ,thirty-six,student36@mailinator,sakai,registered
student37,Student ,thirty-seven,student37@mailinator,sakai,registered
student38,Student ,thirty-eight,student38@mailinator,sakai,registered
student39,Student ,thirty-nine,student39@mailinator,sakai,registered
student40,Student ,forty,student40@mailinator,sakai,registered
student41,Student ,forty-one,student41@mailinator,sakai,registered
student42,Student ,forty-two,student42@mailinator,sakai,registered
student43,Student ,forty-three,student43@mailinator,sakai,registered
student44,Student ,forty-four,student44@mailinator,sakai,registered
student45,Student ,forty-five,student45@mailinator,sakai,registered
student46,Student ,forty-six,student46@mailinator,sakai,registered
student47,Student ,forty-seven,student47@mailinator,sakai,registered
student48,Student ,forty-eight,student48@mailinator,sakai,registered
student49,Student ,forty-nine,student49@mailinator,sakai,registered
student50,Student ,fifty,student50@mailinator,sakai,registered
student51,Student ,fifty-one,student51@mailinator,sakai,registered
student52,Student ,fifty-two,student52@mailinator,sakai,registered
student53,Student ,fifty-three,student53@mailinator,sakai,registered
student54,Student ,fifty-four,student54@mailinator,sakai,registered
student55,Student ,fifty-five,student55@mailinator,sakai,registered
student56,Student ,fifty-six,student56@mailinator,sakai,registered
student57,Student ,fifty-seven,student57@mailinator,sakai,registered
student58,Student ,fifty-eight,student58@mailinator,sakai,registered
student59,Student ,fifty-nine,student59@mailinator,sakai,registered
student60,Student ,sixty,student60@mailinator,sakai,registered
student61,Student ,sixty-one,student61@mailinator,sakai,registered
student62,Student ,sixty-two,student62@mailinator,sakai,registered
student63,Student ,sixty-three,student63@mailinator,sakai,registered
student64,Student ,sixty-four,student64@mailinator,sakai,registered
student65,Student ,sixty-five,student65@mailinator,sakai,registered
student66,Student ,sixty-six,student66@mailinator,sakai,registered
student67,Student ,sixty-seven,student67@mailinator,sakai,registered
student68,Student ,sixty-eight,student68@mailinator,sakai,registered
student69,Student ,sixty-nine,student69@mailinator,sakai,registered
student70,Student ,seventy,student70@mailinator,sakai,registered
student71,Student ,seventy-one,student71@mailinator,sakai,registered
student72,Student ,seventy-two,student72@mailinator,sakai,registered
student73,Student ,seventy-three,student73@mailinator,sakai,registered
student74,Student ,seventy-four,student74@mailinator,sakai,registered
student75,Student ,seventy-five,student75@mailinator,sakai,registered
student76,Student ,seventy-six,student76@mailinator,sakai,registered
student77,Student ,seventy-seven,student77@mailinator,sakai,registered
student78,Student ,seventy-eight,student78@mailinator,sakai,registered
student79,Student ,seventy-nine,student79@mailinator,sakai,registered
student80,Student ,eighty,student80@mailinator,sakai,registered
student81,Student ,eighty-one,student81@mailinator,sakai,registered
student82,Student ,eighty-two,student82@mailinator,sakai,registered
student83,Student ,eighty-three,student83@mailinator,sakai,registered
student84,Student ,eighty-four,student84@mailinator,sakai,registered
student85,Student ,eighty-five,student85@mailinator,sakai,registered
student86,Student ,eighty-six,student86@mailinator,sakai,registered
student87,Student ,eighty-seven,student87@mailinator,sakai,registered
student88,Student ,eighty-eight,student88@mailinator,sakai,registered
student89,Student ,eighty-nine,student89@mailinator,sakai,registered
student90,Student ,ninety,student90@mailinator,sakai,registered
student91,Student ,ninety-one,student91@mailinator,sakai,registered
student92,Student ,ninety-two,student92@mailinator,sakai,registered
student93,Student ,ninety-three,student93@mailinator,sakai,registered
student94,Student ,ninety-four,student94@mailinator,sakai,registered
student95,Student ,ninety-five,student95@mailinator,sakai,registered
student96,Student ,ninety-six,student96@mailinator,sakai,registered
student97,Student ,ninety-seven,student97@mailinator,sakai,registered
student98,Student ,ninety-eight,student98@mailinator,sakai,registered
student99,Student ,ninety-nine,student99@mailinator,sakai,registered
student100,Student ,one hundred,student100@mailinator,sakai,registered
student101,Student ,one hundred one,student101@mailinator,sakai,registered
student102,Student ,one hundred two,student102@mailinator,sakai,registered
student103,Student ,one hundred three,student103@mailinator,sakai,registered
student104,Student ,one hundred four,student104@mailinator,sakai,registered
student105,Student ,one hundred five,student105@mailinator,sakai,registered
student106,Student ,one hundred six,student106@mailinator,sakai,registered
student107,Student ,one hundred seven,student107@mailinator,sakai,registered
student108,Student ,one hundred eight,student108@mailinator,sakai,registered
student109,Student ,one hundred nine,student109@mailinator,sakai,registered
student110,Student ,one hundred ten,student110@mailinator,sakai,registered
student111,Student ,one hundred eleven,student111@mailinator,sakai,registered
student112,Student ,one hundred twelve,student112@mailinator,sakai,registered
student113,Student ,one hundred thirteen,student113@mailinator,sakai,registered
student114,Student ,one hundred fourteen,student114@mailinator,sakai,registered
student115,Student ,one hundred fifteen,student115@mailinator,sakai,registered
student116,Student ,one hundred sixteen,student116@mailinator,sakai,registered
student117,Student ,one hundred seventeen,student117@mailinator,sakai,registered
student118,Student ,one hundred eighteen,student118@mailinator,sakai,registered
student119,Student ,one hundred nineteen,student119@mailinator,sakai,registered
student120,Student ,one hundred twenty,student120@mailinator,sakai,registered
student121,Student ,one hundred twenty-one,student121@mailinator,sakai,registered
student122,Student ,one hundred twenty-two,student122@mailinator,sakai,registered
student123,Student ,one hundred twenty-three,student123@mailinator,sakai,registered
